-- V7: Seed sample submissions across every SubmissionStatus for local review/demo.
-- Statuses covered: DRAFT, SUBMITTED, VALIDATING, PROCESSING, PENDING_REVIEW, APPROVED, REJECTED, NEEDS_INFO.
-- LOAN_APPLICATION submissions use JSON_BLOB storage; ACCOUNT_OPENING uses KEY_VALUE (normalized field rows).
-- Reuses the seeded tenant (demo-bank), dev user, and the PUBLISHED form versions from V2/V4.

INSERT INTO submission (id, tenant_id, form_version_id, user_id, status, idempotency_key, submitted_at, created_at, updated_at) VALUES
  (X'd1000000000000000000000000000001', X'11111111111111111111111111111111', X'aaaaaaaaaaaaaaaaaaaaaaaaaaaaaaaa', X'44444444444444444444444444444444', 'DRAFT', NULL, NULL, '2026-07-02 09:00:00', '2026-07-02 09:00:00'),
  (X'd1000000000000000000000000000002', X'11111111111111111111111111111111', X'aaaaaaaaaaaaaaaaaaaaaaaaaaaaaaaa', X'44444444444444444444444444444444', 'SUBMITTED', 'seed-sub-02', '2026-07-02 10:05:00', '2026-07-02 10:00:00', '2026-07-02 10:05:00'),
  (X'd1000000000000000000000000000003', X'11111111111111111111111111111111', X'aaaaaaaaaaaaaaaaaaaaaaaaaaaaaaaa', X'44444444444444444444444444444444', 'VALIDATING', 'seed-sub-03', '2026-07-02 11:02:00', '2026-07-02 11:00:00', '2026-07-02 11:02:00'),
  (X'd1000000000000000000000000000004', X'11111111111111111111111111111111', X'aaaaaaaaaaaaaaaaaaaaaaaaaaaaaaaa', X'44444444444444444444444444444444', 'PROCESSING', 'seed-sub-04', '2026-07-02 12:02:00', '2026-07-02 12:00:00', '2026-07-02 12:02:00'),
  (X'd1000000000000000000000000000005', X'11111111111111111111111111111111', X'bbbbbbbbbbbbbbbbbbbbbbbbbbbbbbbb', X'44444444444444444444444444444444', 'PENDING_REVIEW', 'seed-sub-05', '2026-07-02 13:03:00', '2026-07-02 13:00:00', '2026-07-02 13:03:00'),
  (X'd1000000000000000000000000000006', X'11111111111111111111111111111111', X'aaaaaaaaaaaaaaaaaaaaaaaaaaaaaaaa', X'44444444444444444444444444444444', 'APPROVED', 'seed-sub-06', '2026-07-01 14:05:00', '2026-07-01 14:00:00', '2026-07-01 14:05:00'),
  (X'd1000000000000000000000000000007', X'11111111111111111111111111111111', X'bbbbbbbbbbbbbbbbbbbbbbbbbbbbbbbb', X'44444444444444444444444444444444', 'REJECTED', 'seed-sub-07', '2026-07-01 15:04:00', '2026-07-01 15:00:00', '2026-07-01 15:04:00'),
  (X'd1000000000000000000000000000008', X'11111111111111111111111111111111', X'aaaaaaaaaaaaaaaaaaaaaaaaaaaaaaaa', X'44444444444444444444444444444444', 'NEEDS_INFO', 'seed-sub-08', '2026-07-03 09:06:00', '2026-07-03 09:00:00', '2026-07-03 09:06:00');

-- Section data. JSON_BLOB forms (LOAN_APPLICATION) keep the full section document in section_data_json;
-- KEY_VALUE forms (ACCOUNT_OPENING) leave it NULL and store leaves in submission_field_value below.
INSERT INTO submission_section (id, submission_id, section_key, section_data_json, updated_at) VALUES
  (X'5e110000000000000000000000000000', X'd1000000000000000000000000000001', 'personal-info', '{"firstName":"Alice","lastName":"Nguyen"}', '2026-07-02 09:00:00'),
  (X'5e120000000000000000000000000000', X'd1000000000000000000000000000001', 'loan-details', '{"amount":15000}', '2026-07-02 09:00:00'),
  (X'5e130000000000000000000000000000', X'd1000000000000000000000000000001', 'residence', '{"homeAddress":{"address":{"line1":"12 Ocean Rd","city":"Bondi","postcode":"2026"}}}', '2026-07-02 09:00:00'),
  (X'5e210000000000000000000000000000', X'd1000000000000000000000000000002', 'personal-info', '{"firstName":"Bilal","lastName":"Khan"}', '2026-07-02 10:05:00'),
  (X'5e220000000000000000000000000000', X'd1000000000000000000000000000002', 'loan-details', '{"amount":32000}', '2026-07-02 10:05:00'),
  (X'5e230000000000000000000000000000', X'd1000000000000000000000000000002', 'residence', '{"homeAddress":{"address":{"line1":"8 River St","city":"Parramatta","postcode":"2150"}}}', '2026-07-02 10:05:00'),
  (X'5e310000000000000000000000000000', X'd1000000000000000000000000000003', 'personal-info', '{"firstName":"Chen","lastName":"Wei"}', '2026-07-02 11:02:00'),
  (X'5e320000000000000000000000000000', X'd1000000000000000000000000000003', 'loan-details', '{"amount":27500}', '2026-07-02 11:02:00'),
  (X'5e330000000000000000000000000000', X'd1000000000000000000000000000003', 'residence', '{"homeAddress":{"address":{"line1":"44 Hill Ave","city":"Chatswood","postcode":"2067"}}}', '2026-07-02 11:02:00'),
  (X'5e410000000000000000000000000000', X'd1000000000000000000000000000004', 'personal-info', '{"firstName":"Diego","lastName":"Alvarez"}', '2026-07-02 12:02:00'),
  (X'5e420000000000000000000000000000', X'd1000000000000000000000000000004', 'loan-details', '{"amount":41000}', '2026-07-02 12:02:00'),
  (X'5e430000000000000000000000000000', X'd1000000000000000000000000000004', 'residence', '{"homeAddress":{"address":{"line1":"9 Park Ln","city":"Newtown","postcode":"2042"}}}', '2026-07-02 12:02:00'),
  (X'5e610000000000000000000000000000', X'd1000000000000000000000000000006', 'personal-info', '{"firstName":"Fatima","lastName":"Ali"}', '2026-07-01 14:05:00'),
  (X'5e620000000000000000000000000000', X'd1000000000000000000000000000006', 'loan-details', '{"amount":52000}', '2026-07-01 14:05:00'),
  (X'5e630000000000000000000000000000', X'd1000000000000000000000000000006', 'residence', '{"homeAddress":{"address":{"line1":"3 Lake Dr","city":"Manly","postcode":"2095"}}}', '2026-07-01 14:05:00'),
  (X'5e810000000000000000000000000000', X'd1000000000000000000000000000008', 'personal-info', '{"firstName":"Hiro","lastName":"Tanaka"}', '2026-07-03 09:06:00'),
  (X'5e820000000000000000000000000000', X'd1000000000000000000000000000008', 'loan-details', '{"amount":18000}', '2026-07-03 09:06:00'),
  (X'5e830000000000000000000000000000', X'd1000000000000000000000000000008', 'residence', '{"homeAddress":{"address":{"line1":"21 Forest Way","city":"Ryde","postcode":"2112"}}}', '2026-07-03 09:06:00'),
  (X'5e510000000000000000000000000000', X'd1000000000000000000000000000005', 'account-type', NULL, '2026-07-02 13:03:00'),
  (X'5e520000000000000000000000000000', X'd1000000000000000000000000000005', 'mailing', NULL, '2026-07-02 13:03:00'),
  (X'5e710000000000000000000000000000', X'd1000000000000000000000000000007', 'account-type', NULL, '2026-07-01 15:04:00'),
  (X'5e720000000000000000000000000000', X'd1000000000000000000000000000007', 'mailing', NULL, '2026-07-01 15:04:00');

-- Normalized field values for KEY_VALUE (ACCOUNT_OPENING) submissions.
-- Embedded form leaves are flattened to dot-delimited keys (mailingAddress.address.line1, ...).
INSERT INTO submission_field_value (id, section_id, field_key, field_value, is_encrypted) VALUES
  (X'fa511000000000000000000000000000', X'5e510000000000000000000000000000', 'accountType', 'Savings', FALSE),
  (X'fa521000000000000000000000000000', X'5e520000000000000000000000000000', 'mailingAddress.address.line1', '5 Queen St', FALSE),
  (X'fa522000000000000000000000000000', X'5e520000000000000000000000000000', 'mailingAddress.address.city', 'Melbourne', FALSE),
  (X'fa523000000000000000000000000000', X'5e520000000000000000000000000000', 'mailingAddress.address.postcode', '3000', FALSE),
  (X'fa711000000000000000000000000000', X'5e710000000000000000000000000000', 'accountType', 'Checking', FALSE),
  (X'fa721000000000000000000000000000', X'5e720000000000000000000000000000', 'mailingAddress.address.line1', '77 Collins St', FALSE),
  (X'fa722000000000000000000000000000', X'5e720000000000000000000000000000', 'mailingAddress.address.city', 'Docklands', FALSE),
  (X'fa723000000000000000000000000000', X'5e720000000000000000000000000000', 'mailingAddress.address.postcode', '3008', FALSE);

-- Audit timeline. id is AUTO_INCREMENT so it is omitted; rows are inserted in chronological order.
INSERT INTO submission_event (submission_id, event_type, payload_json, actor_id, created_at) VALUES
  (X'd1000000000000000000000000000002', 'SUBMITTED', '{"from":"DRAFT","to":"SUBMITTED"}', X'44444444444444444444444444444444', '2026-07-02 10:05:00'),
  (X'd1000000000000000000000000000003', 'SUBMITTED', '{"from":"DRAFT","to":"SUBMITTED"}', X'44444444444444444444444444444444', '2026-07-02 11:02:00'),
  (X'd1000000000000000000000000000003', 'PIPELINE_STARTED', '{"from":"SUBMITTED","to":"VALIDATING","note":"Automated pipeline started"}', X'00000000000000000000000000000000', '2026-07-02 11:02:10'),
  (X'd1000000000000000000000000000004', 'SUBMITTED', '{"from":"DRAFT","to":"SUBMITTED"}', X'44444444444444444444444444444444', '2026-07-02 12:02:00'),
  (X'd1000000000000000000000000000004', 'PIPELINE_STARTED', '{"from":"SUBMITTED","to":"VALIDATING","note":"Automated pipeline started"}', X'00000000000000000000000000000000', '2026-07-02 12:02:10'),
  (X'd1000000000000000000000000000004', 'VALIDATED', '{"from":"VALIDATING","to":"PROCESSING","note":"All sections valid"}', X'00000000000000000000000000000000', '2026-07-02 12:02:20'),
  (X'd1000000000000000000000000000005', 'SUBMITTED', '{"from":"DRAFT","to":"SUBMITTED"}', X'44444444444444444444444444444444', '2026-07-02 13:03:00'),
  (X'd1000000000000000000000000000005', 'VALIDATED', '{"from":"VALIDATING","to":"PROCESSING","note":"All sections valid"}', X'00000000000000000000000000000000', '2026-07-02 13:03:20'),
  (X'd1000000000000000000000000000005', 'PII_SCRUBBED', '{"from":"PROCESSING","to":"PROCESSING","note":"PII fields scrubbed"}', X'00000000000000000000000000000000', '2026-07-02 13:03:30'),
  (X'd1000000000000000000000000000005', 'PIPELINE_COMPLETED', '{"from":"PROCESSING","to":"PENDING_REVIEW","note":"Ready for manual review"}', X'00000000000000000000000000000000', '2026-07-02 13:03:40'),
  (X'd1000000000000000000000000000006', 'SUBMITTED', '{"from":"DRAFT","to":"SUBMITTED"}', X'44444444444444444444444444444444', '2026-07-01 14:05:00'),
  (X'd1000000000000000000000000000006', 'PIPELINE_COMPLETED', '{"from":"PROCESSING","to":"PENDING_REVIEW","note":"Ready for manual review"}', X'00000000000000000000000000000000', '2026-07-01 14:05:40'),
  (X'd1000000000000000000000000000006', 'APPROVED', '{"from":"PENDING_REVIEW","to":"APPROVED","note":"Meets lending criteria"}', X'44444444444444444444444444444444', '2026-07-01 16:20:00'),
  (X'd1000000000000000000000000000007', 'SUBMITTED', '{"from":"DRAFT","to":"SUBMITTED"}', X'44444444444444444444444444444444', '2026-07-01 15:04:00'),
  (X'd1000000000000000000000000000007', 'PIPELINE_COMPLETED', '{"from":"PROCESSING","to":"PENDING_REVIEW","note":"Ready for manual review"}', X'00000000000000000000000000000000', '2026-07-01 15:04:40'),
  (X'd1000000000000000000000000000007', 'REJECTED', '{"from":"PENDING_REVIEW","to":"REJECTED","note":"Insufficient supporting documentation"}', X'44444444444444444444444444444444', '2026-07-01 17:10:00'),
  (X'd1000000000000000000000000000008', 'SUBMITTED', '{"from":"DRAFT","to":"SUBMITTED"}', X'44444444444444444444444444444444', '2026-07-03 09:06:00'),
  (X'd1000000000000000000000000000008', 'PIPELINE_COMPLETED', '{"from":"PROCESSING","to":"PENDING_REVIEW","note":"Ready for manual review"}', X'00000000000000000000000000000000', '2026-07-03 09:06:40'),
  (X'd1000000000000000000000000000008', 'INFO_REQUESTED', '{"from":"PENDING_REVIEW","to":"NEEDS_INFO","note":"Please upload a recent proof of address"}', X'44444444444444444444444444444444', '2026-07-03 10:30:00');

-- Pipeline executions (sentinel pipeline_config_id = all-zero SYSTEM_CONFIG_ID).
INSERT INTO pipeline_execution (id, submission_id, pipeline_config_id, status, current_step, started_at, completed_at, error_details) VALUES
  (X'b1300000000000000000000000000000', X'd1000000000000000000000000000003', X'00000000000000000000000000000000', 'RUNNING', 1, '2026-07-02 11:02:10', NULL, NULL),
  (X'b1400000000000000000000000000000', X'd1000000000000000000000000000004', X'00000000000000000000000000000000', 'RUNNING', 2, '2026-07-02 12:02:10', NULL, NULL),
  (X'b1500000000000000000000000000000', X'd1000000000000000000000000000005', X'00000000000000000000000000000000', 'COMPLETED', 3, '2026-07-02 13:03:10', '2026-07-02 13:03:40', NULL),
  (X'b1600000000000000000000000000000', X'd1000000000000000000000000000006', X'00000000000000000000000000000000', 'COMPLETED', 3, '2026-07-01 14:05:10', '2026-07-01 14:05:40', NULL),
  (X'b1700000000000000000000000000000', X'd1000000000000000000000000000007', X'00000000000000000000000000000000', 'COMPLETED', 3, '2026-07-01 15:04:10', '2026-07-01 15:04:40', NULL),
  (X'b1800000000000000000000000000000', X'd1000000000000000000000000000008', X'00000000000000000000000000000000', 'COMPLETED', 3, '2026-07-03 09:06:10', '2026-07-03 09:06:40', NULL);

-- PII-scrubbed payloads for submissions that passed the PII_SCRUB step.
INSERT INTO submission_sanitized_payload (id, submission_id, payload_json, transformed_json, created_at) VALUES
  (X'5a500000000000000000000000000000', X'd1000000000000000000000000000005', '{"account-type":{"accountType":"Savings"},"mailing":{"mailingAddress":{"address":{"line1":"5 Queen St","city":"Melbourne","postcode":"3000"}}}}', NULL, '2026-07-02 13:03:30'),
  (X'5a600000000000000000000000000000', X'd1000000000000000000000000000006', '{"personal-info":{"firstName":"Fatima","lastName":"Ali"},"loan-details":{"amount":52000}}', NULL, '2026-07-01 14:05:30'),
  (X'5a700000000000000000000000000000', X'd1000000000000000000000000000007', '{"account-type":{"accountType":"Checking"},"mailing":{"mailingAddress":{"address":{"line1":"77 Collins St","city":"Docklands","postcode":"3008"}}}}', NULL, '2026-07-01 15:04:30'),
  (X'5a800000000000000000000000000000', X'd1000000000000000000000000000008', '{"personal-info":{"firstName":"Hiro","lastName":"Tanaka"},"loan-details":{"amount":18000}}', NULL, '2026-07-03 09:06:30');
