-- V8: More sample submissions for a fuller demo list, including a FAILED-pipeline case.
-- Adds one additional submission per status and mixes JSON_BLOB (LOAN_APPLICATION) with
-- KEY_VALUE (ACCOUNT_OPENING) storage. The failed run mirrors SubmissionPipelineService behaviour:
-- the submission is reverted to SUBMITTED, the pipeline_execution is marked FAILED with error_details,
-- and a PIPELINE_FAILED event is recorded.

INSERT INTO submission (id, tenant_id, form_version_id, user_id, status, idempotency_key, submitted_at, created_at, updated_at) VALUES
  (X'd2000000000000000000000000000001', X'11111111111111111111111111111111', X'aaaaaaaaaaaaaaaaaaaaaaaaaaaaaaaa', X'44444444444444444444444444444444', 'SUBMITTED', 'seed-sub-11', '2026-07-03 11:05:00', '2026-07-03 11:00:00', '2026-07-03 11:05:00'),
  (X'd2000000000000000000000000000002', X'11111111111111111111111111111111', X'bbbbbbbbbbbbbbbbbbbbbbbbbbbbbbbb', X'44444444444444444444444444444444', 'DRAFT', NULL, NULL, '2026-07-04 08:00:00', '2026-07-04 08:00:00'),
  (X'd2000000000000000000000000000003', X'11111111111111111111111111111111', X'aaaaaaaaaaaaaaaaaaaaaaaaaaaaaaaa', X'44444444444444444444444444444444', 'SUBMITTED', 'seed-sub-13', '2026-07-04 09:02:00', '2026-07-04 09:00:00', '2026-07-04 09:02:00'),
  (X'd2000000000000000000000000000004', X'11111111111111111111111111111111', X'bbbbbbbbbbbbbbbbbbbbbbbbbbbbbbbb', X'44444444444444444444444444444444', 'VALIDATING', 'seed-sub-14', '2026-07-04 09:31:00', '2026-07-04 09:30:00', '2026-07-04 09:31:00'),
  (X'd2000000000000000000000000000005', X'11111111111111111111111111111111', X'aaaaaaaaaaaaaaaaaaaaaaaaaaaaaaaa', X'44444444444444444444444444444444', 'PROCESSING', 'seed-sub-15', '2026-07-04 10:01:00', '2026-07-04 10:00:00', '2026-07-04 10:01:00'),
  (X'd2000000000000000000000000000006', X'11111111111111111111111111111111', X'aaaaaaaaaaaaaaaaaaaaaaaaaaaaaaaa', X'44444444444444444444444444444444', 'PENDING_REVIEW', 'seed-sub-16', '2026-07-03 12:03:00', '2026-07-03 12:00:00', '2026-07-03 12:03:00'),
  (X'd2000000000000000000000000000007', X'11111111111111111111111111111111', X'bbbbbbbbbbbbbbbbbbbbbbbbbbbbbbbb', X'44444444444444444444444444444444', 'APPROVED', 'seed-sub-17', '2026-07-03 08:05:00', '2026-07-03 08:00:00', '2026-07-03 08:05:00'),
  (X'd2000000000000000000000000000008', X'11111111111111111111111111111111', X'aaaaaaaaaaaaaaaaaaaaaaaaaaaaaaaa', X'44444444444444444444444444444444', 'REJECTED', 'seed-sub-18', '2026-07-03 07:04:00', '2026-07-03 07:00:00', '2026-07-03 07:04:00'),
  (X'd2000000000000000000000000000009', X'11111111111111111111111111111111', X'bbbbbbbbbbbbbbbbbbbbbbbbbbbbbbbb', X'44444444444444444444444444444444', 'NEEDS_INFO', 'seed-sub-19', '2026-07-04 07:06:00', '2026-07-04 07:00:00', '2026-07-04 07:06:00');

INSERT INTO submission_section (id, submission_id, section_key, section_data_json, updated_at) VALUES
  (X'6e110000000000000000000000000000', X'd2000000000000000000000000000001', 'personal-info', '{"firstName":"Grace","lastName":"Okoro"}', '2026-07-03 11:05:00'),
  (X'6e120000000000000000000000000000', X'd2000000000000000000000000000001', 'loan-details', '{"amount":60000}', '2026-07-03 11:05:00'),
  (X'6e130000000000000000000000000000', X'd2000000000000000000000000000001', 'residence', '{"homeAddress":{"address":{"line1":"14 Ridge St","city":"Coogee","postcode":"2034"}}}', '2026-07-03 11:05:00'),
  (X'6e310000000000000000000000000000', X'd2000000000000000000000000000003', 'personal-info', '{"firstName":"Ivan","lastName":"Petrov"}', '2026-07-04 09:02:00'),
  (X'6e320000000000000000000000000000', X'd2000000000000000000000000000003', 'loan-details', '{"amount":22000}', '2026-07-04 09:02:00'),
  (X'6e330000000000000000000000000000', X'd2000000000000000000000000000003', 'residence', '{"homeAddress":{"address":{"line1":"6 Marine Pde","city":"Cronulla","postcode":"2230"}}}', '2026-07-04 09:02:00'),
  (X'6e510000000000000000000000000000', X'd2000000000000000000000000000005', 'personal-info', '{"firstName":"Julia","lastName":"Santos"}', '2026-07-04 10:01:00'),
  (X'6e520000000000000000000000000000', X'd2000000000000000000000000000005', 'loan-details', '{"amount":38000}', '2026-07-04 10:01:00'),
  (X'6e530000000000000000000000000000', X'd2000000000000000000000000000005', 'residence', '{"homeAddress":{"address":{"line1":"88 George St","city":"Rockdale","postcode":"2216"}}}', '2026-07-04 10:01:00'),
  (X'6e610000000000000000000000000000', X'd2000000000000000000000000000006', 'personal-info', '{"firstName":"Kwame","lastName":"Mensah"}', '2026-07-03 12:03:00'),
  (X'6e620000000000000000000000000000', X'd2000000000000000000000000000006', 'loan-details', '{"amount":45000}', '2026-07-03 12:03:00'),
  (X'6e630000000000000000000000000000', X'd2000000000000000000000000000006', 'residence', '{"homeAddress":{"address":{"line1":"2 Beach Rd","city":"Maroubra","postcode":"2035"}}}', '2026-07-03 12:03:00'),
  (X'6e810000000000000000000000000000', X'd2000000000000000000000000000008', 'personal-info', '{"firstName":"Lena","lastName":"Muller"}', '2026-07-03 07:04:00'),
  (X'6e820000000000000000000000000000', X'd2000000000000000000000000000008', 'loan-details', '{"amount":71000}', '2026-07-03 07:04:00'),
  (X'6e830000000000000000000000000000', X'd2000000000000000000000000000008', 'residence', '{"homeAddress":{"address":{"line1":"19 Elm St","city":"Ashfield","postcode":"2131"}}}', '2026-07-03 07:04:00'),
  (X'6e210000000000000000000000000000', X'd2000000000000000000000000000002', 'account-type', NULL, '2026-07-04 08:00:00'),
  (X'6e410000000000000000000000000000', X'd2000000000000000000000000000004', 'account-type', NULL, '2026-07-04 09:31:00'),
  (X'6e420000000000000000000000000000', X'd2000000000000000000000000000004', 'mailing', NULL, '2026-07-04 09:31:00'),
  (X'6e710000000000000000000000000000', X'd2000000000000000000000000000007', 'account-type', NULL, '2026-07-03 08:05:00'),
  (X'6e720000000000000000000000000000', X'd2000000000000000000000000000007', 'mailing', NULL, '2026-07-03 08:05:00'),
  (X'6e910000000000000000000000000000', X'd2000000000000000000000000000009', 'account-type', NULL, '2026-07-04 07:06:00'),
  (X'6e920000000000000000000000000000', X'd2000000000000000000000000000009', 'mailing', NULL, '2026-07-04 07:06:00');

INSERT INTO submission_field_value (id, section_id, field_key, field_value, is_encrypted) VALUES
  (X'fb211000000000000000000000000000', X'6e210000000000000000000000000000', 'accountType', 'Checking', FALSE),
  (X'fb411000000000000000000000000000', X'6e410000000000000000000000000000', 'accountType', 'Savings', FALSE),
  (X'fb421000000000000000000000000000', X'6e420000000000000000000000000000', 'mailingAddress.address.line1', '100 Elizabeth St', FALSE),
  (X'fb422000000000000000000000000000', X'6e420000000000000000000000000000', 'mailingAddress.address.city', 'Sydney', FALSE),
  (X'fb423000000000000000000000000000', X'6e420000000000000000000000000000', 'mailingAddress.address.postcode', '2000', FALSE),
  (X'fb711000000000000000000000000000', X'6e710000000000000000000000000000', 'accountType', 'Checking', FALSE),
  (X'fb721000000000000000000000000000', X'6e720000000000000000000000000000', 'mailingAddress.address.line1', '250 Pitt St', FALSE),
  (X'fb722000000000000000000000000000', X'6e720000000000000000000000000000', 'mailingAddress.address.city', 'Haymarket', FALSE),
  (X'fb723000000000000000000000000000', X'6e720000000000000000000000000000', 'mailingAddress.address.postcode', '2000', FALSE),
  (X'fb911000000000000000000000000000', X'6e910000000000000000000000000000', 'accountType', 'Savings', FALSE),
  (X'fb921000000000000000000000000000', X'6e920000000000000000000000000000', 'mailingAddress.address.line1', '30 Bourke St', FALSE),
  (X'fb922000000000000000000000000000', X'6e920000000000000000000000000000', 'mailingAddress.address.city', 'Woolloomooloo', FALSE),
  (X'fb923000000000000000000000000000', X'6e920000000000000000000000000000', 'mailingAddress.address.postcode', '2011', FALSE);

INSERT INTO submission_event (submission_id, event_type, payload_json, actor_id, created_at) VALUES
  (X'd2000000000000000000000000000001', 'SUBMITTED', '{"from":"DRAFT","to":"SUBMITTED"}', X'44444444444444444444444444444444', '2026-07-03 11:05:00'),
  (X'd2000000000000000000000000000001', 'PIPELINE_STARTED', '{"from":"SUBMITTED","to":"VALIDATING","note":"Automated pipeline started"}', X'00000000000000000000000000000000', '2026-07-03 11:05:10'),
  (X'd2000000000000000000000000000001', 'VALIDATED', '{"from":"VALIDATING","to":"PROCESSING","note":"All sections valid"}', X'00000000000000000000000000000000', '2026-07-03 11:05:20'),
  (X'd2000000000000000000000000000001', 'PII_SCRUBBED', '{"from":"PROCESSING","to":"PROCESSING","note":"PII fields scrubbed"}', X'00000000000000000000000000000000', '2026-07-03 11:05:30'),
  (X'd2000000000000000000000000000001', 'PIPELINE_FAILED', '{"error":"Downstream core-banking service timed out after 30s","atStep":3}', X'00000000000000000000000000000000', '2026-07-03 11:05:40'),
  (X'd2000000000000000000000000000003', 'SUBMITTED', '{"from":"DRAFT","to":"SUBMITTED"}', X'44444444444444444444444444444444', '2026-07-04 09:02:00'),
  (X'd2000000000000000000000000000004', 'SUBMITTED', '{"from":"DRAFT","to":"SUBMITTED"}', X'44444444444444444444444444444444', '2026-07-04 09:31:00'),
  (X'd2000000000000000000000000000004', 'PIPELINE_STARTED', '{"from":"SUBMITTED","to":"VALIDATING","note":"Automated pipeline started"}', X'00000000000000000000000000000000', '2026-07-04 09:31:10'),
  (X'd2000000000000000000000000000005', 'SUBMITTED', '{"from":"DRAFT","to":"SUBMITTED"}', X'44444444444444444444444444444444', '2026-07-04 10:01:00'),
  (X'd2000000000000000000000000000005', 'PIPELINE_STARTED', '{"from":"SUBMITTED","to":"VALIDATING","note":"Automated pipeline started"}', X'00000000000000000000000000000000', '2026-07-04 10:01:10'),
  (X'd2000000000000000000000000000005', 'VALIDATED', '{"from":"VALIDATING","to":"PROCESSING","note":"All sections valid"}', X'00000000000000000000000000000000', '2026-07-04 10:01:20'),
  (X'd2000000000000000000000000000006', 'SUBMITTED', '{"from":"DRAFT","to":"SUBMITTED"}', X'44444444444444444444444444444444', '2026-07-03 12:03:00'),
  (X'd2000000000000000000000000000006', 'VALIDATED', '{"from":"VALIDATING","to":"PROCESSING","note":"All sections valid"}', X'00000000000000000000000000000000', '2026-07-03 12:03:20'),
  (X'd2000000000000000000000000000006', 'PII_SCRUBBED', '{"from":"PROCESSING","to":"PROCESSING","note":"PII fields scrubbed"}', X'00000000000000000000000000000000', '2026-07-03 12:03:30'),
  (X'd2000000000000000000000000000006', 'PIPELINE_COMPLETED', '{"from":"PROCESSING","to":"PENDING_REVIEW","note":"Ready for manual review"}', X'00000000000000000000000000000000', '2026-07-03 12:03:40'),
  (X'd2000000000000000000000000000007', 'SUBMITTED', '{"from":"DRAFT","to":"SUBMITTED"}', X'44444444444444444444444444444444', '2026-07-03 08:05:00'),
  (X'd2000000000000000000000000000007', 'PIPELINE_COMPLETED', '{"from":"PROCESSING","to":"PENDING_REVIEW","note":"Ready for manual review"}', X'00000000000000000000000000000000', '2026-07-03 08:05:40'),
  (X'd2000000000000000000000000000007', 'APPROVED', '{"from":"PENDING_REVIEW","to":"APPROVED","note":"Identity and funds verified"}', X'44444444444444444444444444444444', '2026-07-03 09:30:00'),
  (X'd2000000000000000000000000000008', 'SUBMITTED', '{"from":"DRAFT","to":"SUBMITTED"}', X'44444444444444444444444444444444', '2026-07-03 07:04:00'),
  (X'd2000000000000000000000000000008', 'PIPELINE_COMPLETED', '{"from":"PROCESSING","to":"PENDING_REVIEW","note":"Ready for manual review"}', X'00000000000000000000000000000000', '2026-07-03 07:04:40'),
  (X'd2000000000000000000000000000008', 'REJECTED', '{"from":"PENDING_REVIEW","to":"REJECTED","note":"Requested amount exceeds policy limit"}', X'44444444444444444444444444444444', '2026-07-03 08:15:00'),
  (X'd2000000000000000000000000000009', 'SUBMITTED', '{"from":"DRAFT","to":"SUBMITTED"}', X'44444444444444444444444444444444', '2026-07-04 07:06:00'),
  (X'd2000000000000000000000000000009', 'PIPELINE_COMPLETED', '{"from":"PROCESSING","to":"PENDING_REVIEW","note":"Ready for manual review"}', X'00000000000000000000000000000000', '2026-07-04 07:06:40'),
  (X'd2000000000000000000000000000009', 'INFO_REQUESTED', '{"from":"PENDING_REVIEW","to":"NEEDS_INFO","note":"Please confirm your mailing postcode"}', X'44444444444444444444444444444444', '2026-07-04 08:00:00');

INSERT INTO pipeline_execution (id, submission_id, pipeline_config_id, status, current_step, started_at, completed_at, error_details) VALUES
  (X'b2100000000000000000000000000000', X'd2000000000000000000000000000001', X'00000000000000000000000000000000', 'FAILED', 3, '2026-07-03 11:05:10', '2026-07-03 11:05:40', 'Downstream core-banking service timed out after 30s'),
  (X'b2400000000000000000000000000000', X'd2000000000000000000000000000004', X'00000000000000000000000000000000', 'RUNNING', 1, '2026-07-04 09:31:10', NULL, NULL),
  (X'b2500000000000000000000000000000', X'd2000000000000000000000000000005', X'00000000000000000000000000000000', 'RUNNING', 2, '2026-07-04 10:01:10', NULL, NULL),
  (X'b2600000000000000000000000000000', X'd2000000000000000000000000000006', X'00000000000000000000000000000000', 'COMPLETED', 3, '2026-07-03 12:03:10', '2026-07-03 12:03:40', NULL),
  (X'b2700000000000000000000000000000', X'd2000000000000000000000000000007', X'00000000000000000000000000000000', 'COMPLETED', 3, '2026-07-03 08:05:10', '2026-07-03 08:05:40', NULL),
  (X'b2800000000000000000000000000000', X'd2000000000000000000000000000008', X'00000000000000000000000000000000', 'COMPLETED', 3, '2026-07-03 07:04:10', '2026-07-03 07:04:40', NULL),
  (X'b2900000000000000000000000000000', X'd2000000000000000000000000000009', X'00000000000000000000000000000000', 'COMPLETED', 3, '2026-07-04 07:06:10', '2026-07-04 07:06:40', NULL);

INSERT INTO submission_sanitized_payload (id, submission_id, payload_json, transformed_json, created_at) VALUES
  (X'6a100000000000000000000000000000', X'd2000000000000000000000000000001', '{"personal-info":{"firstName":"Grace","lastName":"Okoro"},"loan-details":{"amount":60000}}', NULL, '2026-07-03 11:05:30'),
  (X'6a600000000000000000000000000000', X'd2000000000000000000000000000006', '{"personal-info":{"firstName":"Kwame","lastName":"Mensah"},"loan-details":{"amount":45000}}', NULL, '2026-07-03 12:03:30'),
  (X'6a700000000000000000000000000000', X'd2000000000000000000000000000007', '{"account-type":{"accountType":"Checking"},"mailing":{"mailingAddress":{"address":{"line1":"250 Pitt St","city":"Haymarket","postcode":"2000"}}}}', NULL, '2026-07-03 08:05:30'),
  (X'6a800000000000000000000000000000', X'd2000000000000000000000000000008', '{"personal-info":{"firstName":"Lena","lastName":"Muller"},"loan-details":{"amount":71000}}', NULL, '2026-07-03 07:04:30'),
  (X'6a900000000000000000000000000000', X'd2000000000000000000000000000009', '{"account-type":{"accountType":"Savings"},"mailing":{"mailingAddress":{"address":{"line1":"30 Bourke St","city":"Woolloomooloo","postcode":"2011"}}}}', NULL, '2026-07-04 07:06:30');
